"Region","Text"
"FP","am, am, hq, hq, hq, sq, hq, sq, hq, sq, am, ac(s)"
"FP","am, am, as"
"FP","am, am, as"
"FP","lm, as, aws, aws, aws"
"FP","lm-as, aws, aws(s), aws"
"FP","lm-as, aws, aws(s), aws"
"FP","lm-as, aws, nws, aws"
"FP","lm-as, aws, aws, nws"
"FP","lm-as, aws, nws, nws"
"FP","gw(l), gw-agr, ahq, agr, ahq"
"FP","agr, agr, asq, agr, asq"
"FP","agr, gu, gr-w, sn, asq, sq, agr-w, ac(s)"
"FP","gr-w, gu, gr-w, sn, asq, asq, gr-w, ac(s)"
"FP","gr-w, gu, gr-w, sn, asq, sq, agr-w, ac(s)"
"FP","gr-w, gu, gr-w, sn, asq, ahq, gr-w, ac(s)"
"FP","gr-w, gu, ngr-w, ba, asq, asq, gr-w, ac(s)"
"FP","gr-w, gu, gr-w, sn, ac(s), ahq, gr-w, ac(s)"
"FP","agr-w, gu, gr-w, ba, asq, asq, gr-w, ac(s)"
"FP","hs, ba, lb, lb, gt, lb, gt"
"FP","hs, ba, lb, lb, gt, lb, gt"
"FP","hs, ba, lb, lb, gt, lb, gt"
"FP","hs, ba, lb, lb, gt, lb, gt"
"FP","hs, ba, lb, lb, gt, lb, gt"
"FP","hs, ba, lb, lb, gt, lb, gt"
"FP","hs, ba, lb, lb, gt, lb, gt"
"FP","hs, ba, lb, lb, gt, lb, gt"
"FP","hs, ba, lb, lb, gt, lb"
"FP","hs, ba, lb, lb, gt, lb"
"FP","hs, ba, lb, lb, gt, lb"
"FP","am(s), am(s), sq, sq, sq, am, am, sq, sq, sq, sq, sq, sq, sq, sq, am(s), ahq"
"FP","am, am, hq, sq, hq, sq, sq, sq, hq, sq, am, ahq"
"FP","am, am, hq, sq, hq, sq, ahq, sq, hq, sq, ahq, sq, am, asq"
"FP","am, am, as"
"FP","am, am(s), as"
"FP","am, am, asq, am, ahq"
"FP","am, pe-am, asq, am, as(s)"
"FP","am, pe-am, sn, asq, asq, am, as(s)"
"FP","am, am, as"
"FP","am, am, as"
"FP","am, am, as"
"FP","lm-as, nws, aws, nws"
"FP","lm-as, nws, nws, ws"
"FP","gw(l), gw-agr, asq, agr, ahq"
"FP","agr, agr, asq, agr, ahq"
"FP","agr, gu, agr, sn, asq, agr-w, asq"
"FP","agr-w, gu, gr-w, sn, asq, asq, gr-w, ahq"
"FP","agr-w, gu, gr-w, sn, asq, ahq, gr-w, ac(s)"
"FP","gr(s)-w, gu, gr(s)-w, sn, ahq, asq, gr-w, ahq"
"FP","hs, ba, lb, lb, gt, lb, gt"
"FP","hs, ba, lb, lb, gt, lb"
"FP","hs, ba, lb, lb, gt, lb"
"FP","hs, ba, lb, lb"
"FP","hs, ba, lb, lb, gt, lb, gt"
"FP","hs, ba, lb, lb, gt, lb"
"FP","gw(l), gw-gr, sq, agr, ahq"
"FP","agr, agr, asq, sq, agr, asq"
"FP","agr-w, gu, gr-w, sn, asq, sq, gr-w, ac(s)"
"FP","agr-w, gu, gr-w, sn, asq, sq, gr-w, asq"
"FP","gr-w, gu, gr-w, sn, asq, asq, gr-w, as(s)"
"FP","gr-w, gu, gr-w, sn, sq, asq, gr-w, as(s)"
"FP","gr-w, gu, gr-w, sn, asq, asq, gr-w, as(s)"
"FP","gr-w, gu, gr-w, sn, asq, asq, am, asq"
"FP","am(s), am(s), hq, sq, sq, hq, sq, hq, sq"
"FP","am, am, sq, sq, sq, hq, sq, hq, sq, am, sq"
"FP","am, am, hq, sq, hq, sq, hq, sq, hq, sq, am, ahq"
"FP","am, am, ahq, am, ac(s)"
"FP","am, am, aws(s), am, aws(s)"
"FP","am(s), am(l), aws(s), am, as(s)"
"FP","am, pe-am(l), as(s), am, ahq"
"FP","am, am, as"
"FP","lm-as, modws, aws(s), nws"
"FP","lm-as, nws, nws, aws"
"FP","lm-as, nws, nws, aws"
"FP","lm-as, nws, aws, ws"
"FP","lm-as, ws, nws, nws"
"FP","gw(l), gw-agr, ahq, agr, asq"
"FP","gr-w, gu, gr-w, as(s), gr-w, asq"
"FP","gr-w, gu, gr(s)-w, sn, asq, asq, gr(s)-w, as(s)"
"FP","gr(s)-w, gr(s)-w, sn, asq, asq, gr(s)-w, asq"
"FP","am(s), am(s), hq, sq, sq, hq, sq, hq, sq, sq, sq, am(s), sq"
"FP","am(s), am(s), hq, sq, hq, sq, hq, sq, hq, sq, sq, hq, sq, am, asq"
"FP","am, am, hq, sq, hq, sq, hq, sq, hq, sq, hq, sq, hq, sq, am, ahq"
"FP","am(s), am(s), as"
"FP","am, am(s), as"
"FP","am, am(s), as"
"FP","am, am(s), as"
"FP","lm, as, modws, aws(s), aws(s)"
"FP","lm-as, nws, nws, nws"
"FP","lm-as, ws, aws, ws"
"FP","hs(l), ba, lb, lb, gt, lb, gt"
"FP","am(s), am(s), sq, sq, sq, sq, sq"
"FP","am, am, sq, hq, sq, hq, sq, hq, sq, hq, sq, hq, sq, hq, sq, am, asq"
"FP","am, am, sq, sq, sq, hq, sq, hq, sq, hq"
"FP","am, am, hq, sq, hq, sq, hq, sq, hq, sq, sq, hq, sq, am, asq"
"FP","am, am(s), as-ahq, asq"
"FP","am, am, as"
"FP","am, am, as"
"FP","am-as, aws(s), aws, aws"
"FP","lm-as, ws, aws, ws"
"FP","gw(l), gw-agr, ahq, gw(s)-agr, asq"
"FP","agr, gu, agr, asq, agr, asq"
"FP","agr, gu, agr, asq, asq, agr, asq"
"FP","gr-w, gu, ngr-w, sn, asq, asq, gr-w, asq"
"FP","agr-w, gu, agr(s)-w, sn, asq, sq, gr-w, asq"
"FP","hs, ba, lb, lb, gt, lb, gt"
"FP","hs, ba, lb, lb, gt, lb, gt"
"FP","hs, ba, lb, gt, lb, gt, lb"
"FP","hs, am(s), am(s), sq, sq, am, am(s), hq, sq, sq, sq"
"FP","am(s), am(s), sq, hq, hq, sq, hq, sq, sq, sq, am, ahq"
"FP","am(s), am(s), hq, sq, hq, sq, sq, hq, sq, hq, sq, hq, sq, am, asq"
"FP","gu-am(s), am(s), as"
"FP","pe-am, am(s), as"
"FP","lm, as, modws, aws(s), nws(s)"
"FP","lm-as, aws, aws(s), aws"
"FP","lm-as, aws, aws, nws"
"FP","gw(l), gw-agr, asq, agr, asq"
"FP","agr, gw-agr, asq, sq, agr, asq"
"FP","agr-w, gu, agr, asq, ngr-w, asq"
"FP","gr-w, gu, gr-w, sn, asq, gr-w, asq"
"FP","gr-w, gu, gr-w, sn, asq, gr-w, asq"
"FP","gr-w, gu, gr-w, sn, asq, asq, gr-w, asq"
"FP","gr-w, gu, gr-w, sn, asq, asq"
"FP","pe-am, pe-am, sq, hq, sq, sq, sq, sq, pe-am, sq"
"FP","pe-am, pe-am, sq, sq, sq, sq, hq, sq"
"FP","pe-am, pe-am, sq, hq, sq, hq, sq, sq, hq, sq, hq, sq, hq, pe-am, asq"
"FP","pe-am, pe-am, hq, sq, hq, sq, hq, sq, hq, sq, hq, sq, sq, pe-am, asq"
"FP","am, am(s), as"
"FP","am, am, as"
"FP","am, am, as, am, as(s)"
"FP","am, am(s), as"
"FP","am, am, as, pe-am, aws(s)"
"FP","am, gu, am, ac(s), am, ac(s)"
"FP","am, gu-am, ac(s), am, ac(s)"
"FP","am, pe-am, sn, asq, am, asq"
"FP","gr-am, gu, agr, sn, asq, gr-w, asq"
"FP","gr-w, gu, gr-w, sn, ac(s), gr-w, asq"
"FP","gr-w, gu, gr-w, sn, asq, asq, gr-w, ac(s)"
"FP","hs, ba, lb, lb, gt, lb, gt"
"FP","hs, ba, lb, lb, gt, lb, gt"
"FP","hs, ba, lb, lb, gt, lb"
"FP","gw(l)-be, z"
"FP","gw(l)-be, z"
"FP","gw(l), gw-gr, sq, agr, asq"
"FP","agr, gu-am, asq, agr, asq"
"FP","agr, gu-agr, sn, asq, asq"
"FP","gu-agr(s)-am(s), gu-am, sq, sq, sq, sq, sq"
"FP","gu-am, gu-am, sq, hq, sq, hq, sq, hq, sq, hq, sq, hq, sq, gu-am, asq"
"FP","gu-am, gu-am, hq, sq, sq, hq, sq, hq, sq, hq, hq, sq, gu-am"
"FP","gu-am, sq, sq, sq, hq, sq, sq, gu-am, asq, gu-am"
"FP","gu-am, am(s), as"
"FP","am, am, as"
"FP","am, am(s), as"
"FP","am, am, as"
"FP","am, am, as"
"FP","am, am, as"
"FP","am, ac(s)"
"FP","am, pe-am, ac(s), am, ac(s)"
"FP","am, gu-am, ac(s), am, ac(s)"
"FP","am, p-am, aws(s), p-am, ac(s)"
"FP","am, gu-am(l), aws(s), am, ac(s)"
"FP","am, gu-am, sn, asq, am, asq"
"FP","hs, ba, lb, lb, gt, lb, gt"
"FP","hs, ba, lb, lb, gt, lb, gt"
"FP","hs, ba, lb, lb, gt, lb, gt"
"FP","hs, ba, lb, lb, gt, lb, gt"
"FP","am(s), am(s), sq, sq, hq, sq, hq, sq, hq, sq"
"FP","am(s), am(s), hq, sq, hq, sq, hq, sq, hq, sq, hq, sq, hq, sq, hq, sq, hq, sq, am, asq,"
"FP","am(s), am(s), as"
"FP","am, am, as"
"FP","am, am(s), as"
"FP","am, am(s), as"
"FP","lm-as, nws, aws, ws(s)"
"FP","lm-as, aws, aws(s), aws"
"FP","lm-as, nws, aws(s), aws"
"FP","gw(l), gw-agr, asq, agr, asq"
"FP","agr, agr, asq, gw-agr, asq"
"FP","agr, gu-agr, asq, gr-w, asq"
"FP","gr-w, gu-ngr-w, sn, asq, gr-w, ac(s)"
"FP","gr-w, gu, gr-w, sn, asq, sq, gr-w, asq"
"FP","gr-w, gu, gr-w, sn, asq, sq, gr-w, asq"
"FP","gr-w, gu, gr-w, sn, asq, asq, gr-w, asq"
"FP","gr-w, gu-gr-w, sn, asq, sq, gr-w, asq"
"FP","gr-w, gu, gr-w, sn, asq, asq, gr-w, asq"
"FP","hs, ba, lb, lb, gt, lb, gt"
"FP","hs, ba, lb, lb, gt, lb, gt"
"FP","hs, ba, lb, lb, gt, lb, gt"
"FP","hs, ba, lb, lb"
"FP","gw(l)-be, lb"
"FP","gw(l), gw-agr, asq, agr, sn"
"FP","agr, agr(l), asq, agr, asq"
"FP","agr, agr(l), asq, gr-w, asq"
"FP","asq, am, gu, am, sn, asq, am, asq"
"FP","am, pe-am, sn, asq, am, asq"
"FP","am, pe-am, sn, asq"
"FP","am, am(s), hq, sq, hq, sq"
"FP","am, am(s), hq, sq, hq, sq, hq, sq, hq, sq, hq, sq, am(s), asq"
"FP","am(s), am(s), hq, sq, hq, sq, hq, sq, hq, sq, hq, sq, hq, sq, am(s), asq"
"FP","am(s), am(s), as, hq, sq, hq, sq"
"FP","am(s), am(s), as, hq, sq, hq, sq"
"FP","am, am(s), sq"
"FP","lm-as, modws, aws(s), nws"
"FP","lm-as, aws, aws(s), uws(s)"
"FP","lm-as, nws(l), aws(s), aws"
"FP","lm-as, aws, aws, aws"
"FP","gw(l), gw-gr, sq, gw-gr, asq"
"FP","agr, agr, sn, asq, sq, agr-w, asq"
"FP","gr-w, gu-agr, sn, asq, asq, agr, asq"
"FP","agr, gu-gr-w, sn, asq, asq, gr-w, asq"
"FP","hs, ba, lb, lb, gt, ba, gt"
"FP","hs, ba, lb, lb, gt, lb"
"FP","hs, ba, lb, lb, gt, lb, gt"
"FP","gw(l)-be, z"
"FP","gw(l)-be, z"
"FP","gw(l), gw-gr, sq, agr, sq, sq"
"FP","agr, p(s), agr, sn, asq, asq, agr, asq"
"FP","gr-w, p-gr-w, sn, asq, asq, agr, asq"
"FP","agr, p(s), agr, sn, asq, asq, agr, asq"
"FP","agr, p-am, sn, asq, sq, agr, asq"
"FP","am, am(s), hq, sq, hq, sq, hq, sq, hq, sq, am(s), sq"
"FP","am(s), am(s), sq, hq, sq, hq, sq, hq, sq, sq"
"FP","am, am(s), hq, sq, hq, sq, hq, sq, hq, sq, hq, sq, hq, sq"
"FP","am(s), am(s), sq, hq, sq, hq, sq, hq, sq, hq, sq, hq, sq"
"FP","am(s), am(s), as"
"FP","am, am(s), as"
"FP","am, am(s), as, hq, sq"
"FP","lm-as, nws, aws(s), nws"
"FP","lm-as, aws, aws, modws(s)"
"FP","gw(l), gw(l)-gr(s), sq, agr, sq"
"FP","agr, p(s), agr, sn, sq, agr, sq"
"FP","gr, gu, gr, sn, asq, agr, asq"
"FP","gr-w, gu, gr-w, sn, asq, asq, agr, asq"
"FP","hs, ba, lb, lb, gt, lb, gt"
"FP","hs, ba, ba, lb, gt, lb, gt"
"FP","hs, ba, ba, lb, gt, lb"
"FP","hs, ba, ba, lb, gt, lb, gt"
"FP","hs, ba, lb, lb, gt"
"FP","am(s), am(s), sq, hq, sq, hq, sq, hq, sq, hq, sq"
"FP","am(s), am(s), sq, hq, sq, hq, sq, hq, sq, hq, sq, hq, sq, am(s), sq"
"FP","am(s), am(s), hq, sq, hq, sq, hq, sq, hq, sq"
"FP","am(s), am(s), sq, hq, sq, hq, sq, hq, sq"
"FP","am(s), am(s), sq, hq, sq, hq, sq, hq, sq, hq, sq, am(s), asq"
"FP","am(s), am(s), hq, sq, hq, sq, hq, sq, hq, sq, hq, sq"
"FP","am(s), am(s), hq, sq, hq, sq, hq, sq, hq, sq, hq, sq, am(s), asq"
"FP","am, am(s), as"
"FP","am, am(s), as, hq, sq"
"FP","am, am(s), as, sq"
"FP","am, am(s), as, hq, sq"
"FP","lm-as, aws(s), aws(s), nws"
"FP","lm-as, nws, aws, aws"
"FP","lm-as, nws, aws(s), aws"
"FP","gw(l), gw-gr, sq, agr, sq"
"FP","agr, agr, asq, agr, asq"
"FP","agr, agr, asq, asq, gr-w, asq"
"FP","gr-w, gu, gr-w, sn, asq, asq, gr-w, asq, asq"
"FP","hs, ba, ba, lb, gt, ba, gt"
"FP","hs, ba, ba, lb, gt, lb, gt"
"FP","hs, ba, lb, lb, gt, lb, gt"
"FP","hs, ba, ba, lb, gt, lb, gt"
"FP","hs, ba, lb, lb, gt, lb, gt"
"FP","hs, ba, lb, lb"
"FP","gw(l)-be, z"
"FP","gw(l)-be, z"
"FP","gw(l), gr(l), hq, agr, asq"
"FP","agr, p, gr-w, sn, asq, sq, gr-w, asq"
"FP","gr-w, p, gr-w, sn, asq, asq, agr, asq"
"FP","gr-w, p, gr-w, sn, asq, asq, agr, asq"
"FP","am, p, am, sn, asq, am, asq"
"FP","am, p, am, sn, asq, am, asq"
"FP","am, am, hq, sq, hq, sq, hq, sq, sq"
"FP","am, am, hq, sq, hq, sq, hq, sq, hq, sq, hq, sq, am, asq"
"FP","am, am, sq, sq, hq, sq, hq, sq, hq, sq"
"FP","am, am, sq, hq, sq, hq, sq, hq, sq, hq, sq, hq, sq"
"FP","am, am, hq, sq, hq, sq, hq, sq, hq, sq, hq, sq"
"FP","am(s), am, as, hq"
"FP","am(s), am(s), as, hq, hq"
"FP","am, am(s), as, sq"
"FP","am, am(s), as, hq"
"FP","gr-w, gu, gr-w, sn, asq, asq, gr-w, ahq"
"FP","gr(s)-w, gu, mgr(s)-w, sn, ahq, asq, ngr(s)-w, ahq"
"FP","gr-w, gu, gr-w, sn, ahq, asq, gr-w, asq"
"FP","gr(s)-w, gu, gr-w, sn, asq, asq, gr(s)-w, asq"
"FP","gr-w, gu, gr(s)-w, asq, asq, gr(s)-w, asq"
"FP","gr(s)-w, gu, gr(s)-w, asq, asq, gr(s)-w, asq"
"FP","gr(s)-w, gu, gr(s)-w, sn, asq, asq, gr(s)-w, asq"
"FP","gr(s)-w, gu, gr(s)-w, asq, asq, gr(s)-w, asq"
"FP","gr(s)-w, gu, gr(s)-w, asq, asq, gr(s)-w, asq"
"FP","gr-w, gu, gr(s)-w, asq, asq, am(s), asq"
"FP","mm(s), am(s), sq, hq, sq, mm(s), sq"
"FP","am(s), am(s), hq, hq, hq, hq"
"FP","am(s), am(s), hq, hq, am(s), sq"
"FP","am(s), am(s), hq, hq, hq, hq, hq, am, asq"
"FP","am, mm(s), ac, mm, asq"
"FP","am, am(s), ac, am, asq"
"FP","am, am(s), ac, am, asq"
"FP","am, am(s), ac, am"
"FP","lm, as, nws, nws(s), nws"
"FP","lm, as, dws, aws(s), nws"
"FP","lm, as, nws, aws(s), ws"
"FP","lm, as, ws, ws(s), ws"
"FP","gw(l), gw-ngr, asq, gw(s)-agr, ahq"
"FP","ngr, gw(s)-agr, ahq, ahq, gr-w, ahq"
"FP","gr-w, gu, gr-w, ahq, ahq, gr-w, ahq"
"FP","gr-w, gu, gr-w, ahq, asq, gr-w, asq"
"FP","gr-w, gu, gr-w, sn, ahq, sq, gr-w, ahq"
"FP","gr-w, gu, gr-w, sn, ahq, asq, gr-w, ahq"
"FP","gr-w, gu, gr-w, sn, asq, asq, gr-w, asq"
"FP","am(s), am(s), sq, sq, am(s), sq, am(s), sq"
"FP","am(s), am(s), sq, hq, sq, sq"
"FP","am(s), am(s), hq, hq, hq, sq, hq, sq, am(s), sq"
"FP","am(s), am(s), hq, hq, hq, hq, hq, sq"
"FP","am(s), am(s), hq, hq, hq, hq, hq, sq, am, sq"
"FP","am(s), am(s), hq, hq, hq, hq, hq, sq"
"FP","am(s), am(s), hq, hq, hq, hq, hq, am, ahq"
"FP","am, am(s), ac, sq, am"
"FP","am, mm(s), ac"
"FP","am, am(s), ac, am, asq"
"FP","am, am(s), ac"
"FP","am, am(s), ac, am, asq"
"FP","am, am(s), ac, am, ahq"
"FP","am, am(s), ac"
"FP","lm, as, nws, nws(s), ws"
"FP","lm, as, ws, nws(s), ws"
"FP","lm, as, nws, aws(s), aws(s)"
"FP","lm, as, ws, aws(s), aws"
"FP","gw(l), gw-gr, ahq, agr, ahq"
"FP","agr, gu, gr-w, ahq, ahq, gr-w, ahq"
"FP","gr-w, gu, gr-w, sn, ahq, gr-w, asq"
"FP","gr-w, gu, gr-w, ahq, ahq, gr-w, ahq"
"FP","gr-w, gu, gr(s)-w, sn, ahq, gr(s)-w, ahq"
"FP","gr(s)-w, gu, gr(s)-w, sn, ahq, asq, gr(s)-w, asq"
"FP","gr(s)-w, gu, gr(s)-w, sn, ahq, asq, gr(s)-w, ahq"
"FP","gr(s)-w, gu, gr(s)-w, sn, asq, asq, gr(s)-w, asq"
"FP","gr(s)-w, gu, gr(s)-w, sn, asq, asq, gr(s)-w, asq"
"FP","gr(s)-w, gu, gr(s)-w, asq, asq, gr(s)-w, asq"
"FP","gr(s)-w, gu, gr(s)-w, asq, asq, gr(s)-w, asq"
"FP","gr(s)-w, gu, gr(s)-w, asq, asq, gr(s)-w, asq"
"FP","gr(s)-w, gu, gr(s)-w, sn, asq, asq, gr(s)-w, ahq"
"FP","gr(s)-w, gu, gr(s)-w, sn, ahq, ahq, gr(s)-w, ahq"
"FP","am(s), am(s), hq, hq, hq, sq, hq, sq, hq, sq, am(s), sq"
"FP","am(s), nm(s), hq, hq, hq, sq, hq, sq"
"FP","am(s), am(s), ac"
"FP","am(s), am(s), ac, am, asq"
"FP","am(s), am(s), ac"
"FP","am, am(s), am(s), as"
"FP","am, am(s), ac"
"FP","am(s), am(s), as"
"FP","am, am(s), as"
"FP","am(s), am(s), as, am, asq"
"FP","am, am(s), as"
"FP","am, am(s), as, am, ahq"
"FP","am, um(s), as(l)"
"FP","am, am(s), as, am, ahq"
"FP","am, am(s), as"
"FP","am, am(s), as"
"FP","am, am(s), ac"
"FP","am, am(s), ac, ahq, aws(s), ahq"
"FP","lm, as, ws, nws(s), nws"
"FP","lm, as, nws, nws(s), ws"
"FP","lm, as, dws, ws(s), ws(s)"
"FP","gw(l), gw-gr, ahq, agr, ahq"
"FP","agr, gr, ahq, asq, gr, ahq"
"FP","gr-w, gu, gr-w, ahq, ahq, gr-w, ahq"
"FP","gr-w, gu, gr-w, sn, ahq, gr-w, ahq"
"FP","gr-w, gu, gr-w, sn, ahq, asq, gr-w, ahq"
"FP","gr-w, whats the sound at 24:26?, gu, gr(s)-w, sn, asq, asq, gr-w, ahq"
"FP","gr-w, gu, gr-w, sn, ahq, asq, gr-w, ahq"
"FP","gr-w, gu, gr-w, sn, ahq, asq, gr-w, asq"
"FP","gr-w, gu, gr-w, sn, asq, asq, gr-w, asq"
"FP","gr-w, gu, gr-w, ahq, asq, gr-w, ahq"
"FP","am(s), sq, hq, sq, am(s), sq"
"FP","am(s), am(s), hq, sq"
"FP","am(s), am(s), hq, hq, sq, am, sq"
"FP","am(s), am(s), hq, sq, hq, hq, hq"
"FP","am, am(s), hq, sq, hq, sq, sq, hq, am, asq"
"FP","am, am(s), ac, sq, am, ahq"
"FP","am, am(s), ac, am, asq"
"FP","am, am(s), ac"
"FP","am, am(s), ac, am, ahq"
"FP","am, am(s), ac, am, asq"
"FP","lm, as, aws(s), nws(s), nws(s)"
"FP","lm, as, ws, nws, aws"
"FP","lm, as, uws, nws, ws"
"FP","lm, as, nws, aws(s), uws"
"FP","gw(l), gw-gr, ahq, agr, ahq"
"FP","dgr, agr(s)-dws(s), ngr, ngr, agr(s), dhq, ngr, ngr, agr(s)-dws(s), sq"
"FP","dgr, agr(s)-dws(s), ngr, ngr, agr(s)-uws(s), ngr, ngr, agr(s)-dws(s), dsq, sq"
"FP","dgr, agr(s), uws(s), ngr, ngr, agr(s)-uws(s), ngr, ngr, agr(s)-dws(s), dsq, dgr"
"FP","ngr, agr(s), dws(s), sq, sq, sq, agr(s)-dws(s), sq, sq, agr(s)-dws(s), ahq"
"FP","dgr, agr(s)-uws(s)-dsq, ba, ba, agr(s)-uws, ba, ba, agr(s)-uws(s), dsq, asq"
"FP","dm, agr(s)-uws(s), ba, lb, agr(s)-uws(s), ba, ba, agr(s)-uws(s), dsq"
"FP","dm, nc(s), ac(s), dsq, mm(s), modhc, dsq"
"FP","dm, am(s), ac, dsq, am, ac"
"FP","dm, am, ac, dsq, am, ac, dsq"
"FP","dm, am, ac, dsq, am, ac, dsq"
"FP","dm, am, ac, dsq, am, ac, dsq"
"FP","dgr, ti(a), ti(a), ti(a)(s), ti(a)"
"FP","dm, ti(a), ti(a), ti(a), ti(a), dsq"
"FP","dm, ti(a), ti(a), ti(a), ti(a), dsq"
"FP","dm, ti(a), ti(a), ti(a), ti(a)"
"FP","dgr, sc(l), sc(l)"
"FP","dm, sc(l), sc(l)"
"FP","dm, agr(s)-dws(s), ba, ba, agr(s)-dws(s), ba, ba, agr(s)-dws(s), dhq"
"FP","dm, agr(s)-dws(s), ba, ba, agr(s)-dws(s), lb, ba, agr(s), dhq"
"FP","dm, agr(s)-dws(s), ba, lb, agr(s)-dws(s), lb, ba, lb, agr(s)-dws(s), dsq"
"FP","dm, ac(s), ac, dsq, am, ac, dsq"
"FP","dm, ac, ac, dsq, ac, ac, dsq"
"FP","dm, am, ac, dsq, ac, dsq"
"FP","dm, ac, ac, dsq, ac, ac, dsq"
"FP","dm, ti(a), ti(a), ti(a), ti(a)"
"FP","dm, ti(a), ti(a), ti(a), ti(a)"
"FP","dm, ti(a), ti(a), ti(a), ti(a), sq"
"FP","dm(l), ti(a), ti(a), ti(a), ti(a)"
"FP","dm, agr(s)-uws(s), ngr, ngr, agr(s)-uws(s), ngr, ngr, agr(s)-dws(s)"
"FP","dm, agr(s)-uws(s), ngr, ngr, agr(s)-uws(s), ngr, ngr, agr(s)-dws(s), dsq"
"FP","dm, agr(s)-uws(s), ngr, ngr, agr(s)-uws(s), ngr, ngr, agr(s)-dws(s), sq"
"FP","dm(l), agr(s)-uws(s), ngr, ngr, agr(s)-uws(s), ngr, ngr, agr(s)-dws(s)"
"FP","lm, hs(s), gr(s)-aws(s), agr-ba, agr-ba, ngr(s)-aws(s), agr-ba, agr-ba, ngr(s)-hq"
"FP","lm, ngr(s)-uws, agr-ba, agr-ba, agr(s)-uws(s), agr-ba, agr-ba, agr(s)-uws(s)"
"FP","gr(l), hs, gr(s)-uws, ngr(s)-uws(s)"
"FP","lm, hs, gr(s)-aws, gr(s)-aws"
"FP","lm, hs, gr(s)-aws, gr(s)-aws"
"FP","lm, hs, nws, gr(s)-uws(s)"
"FP","lm, hs, uws, gr(s)-uws(s)"
"FP","lm, hs, gr(s)-uws, gr(s)-aws"
"FP","lm, hs, gr(s)-uws, gr(s)-aws"
"FP","lm, hs, uws, gr(s)-uws"
"FP","lm, hs, uws, aws"
"FP","gr(l)-hs, gr(s)-uws, gr(s)-uws"
"FP","lm, hs, gr(s)-uws, gr(s)-uws"
"FP","lm, hs, gr(s)-modws, gr(s)-aws"
"FP","lm, hs, gr(s)-uws, gr(s)-uws(s)"
"FP","lm, hs, am(s)-aws, gr(s)-uws"
"FP","lm, hs, am(s)-uws, gr(s)-uws"
"FP","lm, hs, aws, agr(s)-aws"
"FP","lm, hs, aws, gr(s)-aws"
"FP","lm, hs, am(s)-uws, gr(s)-uws"
"FP","gr(s)-modws(s), sq, sq, sq, sq, agr(s)-dws(s)"
"FP","dm, agr(s)-dws(s), ba, ba, gr(s)-dws(s), dsq, ba, ba, agr(s)-dws(s), dsq"
"FP","dm, agr(s)-dws(s), ba, ba, agr(s)-dws(s), agr(s)-uws(s), lb, lb, agr(s)-dws(s), dsq"
"FP","dm, agr(s)-uws, lb, lb, agr(s)-uws, am(s), lb, ba, agr(s)-dws(s), dsq"
"FP","dm, am(s), ac, sq, nm(s), ac, dsq"
"FP","dm, ac, am, dsq, ac, ac, dsq"
"FP","dm, modhc(s), ac, dsq, ac, ac, dsq"
"FP","dm, ti(a), ti(a), dsq, ti(a), ti(a), dhq"
"FP","dm, ti(a), ti(a), pe, ti(a), ti(a), ti(a)"
"FP","dm, sc(l), sc(l)"
"FP","agr(s)-dws(s), sq, sq, sq, sq, agr(s), sq"
"FP","agr(s)-uws(s), dsq, sq, sq, sq, sq, agr(s)-uws(s), dsq"
"FP","dm, agr(s)-dws(s), ba, lb, agr(s)-uws, uws, lb, ba, agr(s)-dws(s), dhq"
"FP","dm, agr(s)-uws, uws, lb, lb, agr(s)-uws, lb, lb, agr(s)-uws(s), dsq"
"FP","dm, agr(s)-uws, lb, ba, agr(s)-uws, ba, ba, agr(s)-dws(s), dhq"
"FP","dm, am(s), ac(s), dsq, ac, am, dsq"
"FP","dm, am, as, dsq, ac, ac, dsq"
"FP","dm, ac, ac, dsq, ac, ac, dsq"
"FP","dm, ac, ac, dsq, ac, as, dsq"
"FP","dm, ac, as, dsq, ac, ac, dsq"
"FP","dm, agr(s), dws(s), lb, lb, agr(s), dws(s), lb, lb, agr(s), dws(s)"
"FP","dm, agr(s)-uws(s), ba, ba, agr(s)-uws(s), ba, lb, agr(s)-uws(s)"
"FP","dm(l), agr(s)-uws(s), ba, lb, agr(s)-uws, lb, lb, agr(s)-uws(s)"
"FP","dm(l), agr(s)-aws(s), ba, ba, agr(s)-aws(s), lb, lb, agr(s)-uws(s)"
"FP","dm, agr(s)-aws(s), ba, lb, agr(s)-uws(s), ba, lb, agr(s), aws(s)"
"FP","dm(l), agr(s)-aws(s), lb, lb, agr(s)-uws(s), lb, lb, agr(s)-aws(s)"
"FP","agr(s), uws(s), sq, sq, sq, sq, agr(s), nws(s), sq, sq, sq, sq, gr(s)-uws"
"FP","dm, agr(s), dws(s), sq, sq, sq, sq, agr(s), dws(s), sq, sq, sq, sq, agr(s), dws(s)"
"FP","dm, agr(s)-nws(s), sq, sq, sq, sq, agr(s)-nws(s), sq, sq, sq, sq, agr(s)-nws(s)"
"FP","dm, agr(s)-dws(s), sq, sq, sq, sq, agr(s)-modws(s), sq, sq, sq, sq, agr(s), modws(s)"
"FP","dm, agr(s)-uws(s), ba, ba, agr(s), uws(s), ba, ba, agr(s)-uws"
"FP","dm, agr(s)-uws(s), ba, ba, agr(s)-uws(s), ba, ba, agr(s)-uws(s)"
"FP","dm, agr(s)-aws(s), ba, ba, agr(s)-aws(s), ba, ba, agr(s)-uws"
"FP","dm, agr(s)-uws, ba, ba, agr(s)-uws(s), ba, ba, agr(s)-uws"
"FP","dm, agr(s)-uws, ba, ba, agr(s)-uws, ba, lb, agr(s)-uws"
"FP","dm, agr(s)-dws(s), ti(a), ti(a), agr(s)-nws(s), ti(a), ti(a), am(s), dhq"
"FP","dm, agr(s)-modws(s), ti(a), ti(a), am(s), dhq, ti(a), ti(a), am(s), dhq"
"FP","dm, agr(s)-nws(s), ti(a), ti(a), gr(s), modws(s), ti(a), ti(a), agr(s), hq, dhq"
"FP","dm, agr(s)-dws(s), ti(a), ti(a), agr(s), dhq, ti(a), ti(a), agr(s), dws(s)"
"FP","dm, agr(s), dhq, ti(a), ti(a), agr(s), dhq, ti(a), ti(a), agr(s), dhq"
"FP","dm, agr(s), dhq, ti(a), ti(a), agr(s), dws(s), ti(a), ti(a), am(s), dws(s)"
"FP","dm, agr(s)-nws(s), ti(a), ti(a), agr(s), dhq, ti(a), ti(a), am(s)-dws(s)"
"FP","dm, agr(s), dhq, ti(a), ti(a), agr(s), dhq, ti(a), ti(a), am(s), nws(s)"
"FP","dm, agr(s)-dws(s), ti(a), ti(a), am(s), dhq, ti(a), ti(a), agr(s)-dws(s)"
"FP","dm, agr(s), dws(s), ti(a), ti(a), agr(s), nws(s), ti(a), ti(a), agr(s), dws(s)"
"FP","dm, agr(s)-aws(s), ba, ba, agr(s)-aws(s), ba, ba, agr(s)-uws(s)"
"FP","dm, am(s)-uws, ba, ba, gr(s)-aws, ba, ba, am(s)-uws"
"FP","dm, agr(s), aws(s), ba, ba, agr(s), aws(s), ba, ba, agr(s), aws"
"FP","dm(l), ngr(s)-aws(s), ba, ba, gr(s)-aws(s), ba, ba, gr(s)-uws(s)"
"FP","dm(l), agr(s)-uws(s), ba, lb, agr(s)-uws(s), ba, ba, agr(s)-uws(s)"
"FP","dm(l), agr(s)-uws(s), ba, lb, agr(s)-uws(s), ba, ba, agr(s)-uws(s)"
"FP","dm, agr(s)-aws(s), ba, lb, agr(s)-uws(s), ba, lb, agr(s)-aws(s)"
"FP","dm(l), agr(s)-uws(s), ba, ba, agr(s)-uws(s), ba, ba, agr(s)-uws(s)"
"FP","dm(l), agr(s)-uws(s), ba, ba, agr(s)-aws(s), ba, ba, agr(s)-aws(s)"
"FP","dm(l), agr(s)-uws(s), ba, ba, agr(s)-uws(s), ba, ba, agr(s)-aws(s)"
"FP","dm, agr(s)-uws(s), ba, lb, agr(s)-uws(s), ba, lb, agr(s)-uws(s)"
"FP","dm, agr(s)-uws(s), ba, ba, agr(s)-aws(s), ba, ba, agr(s)-aws(s)"
"FP","dm(l), agr(s)-uws(s), ba, lb, agr(s)-aws(s), lb, lb, agr(s)-uws(s)"
"FP","dm, agr(s)-uws(s), ba, lb, agr(s)-uws(s), lb, ba, agr(s)-uws(s)"
"FP","dm, agr(s)-aws(s), ba, ba, agr(s)-uws(s), ba, ba, agr(s)-uws(s)"
"FP","dm(l), agr(s)-aws(s), ba, ba, agr(s)-uws(s), ba, ba, agr(s)-uws(s)"
"FP","dm(l), agr(s)-aws(s), ba, ba, agr(s)-aws(s), ba, ba, agr(s)-aws(s)"
"FP","dm(l), agr(s)-uws(s), ba, ba, agr(s)-uws(s), ba, ba, agr(s)-uws(s)"
"FP","agr(s)-hq, sq, sq, sq, sq, m(s)-uws(s), gr(s)-uws(s), sq, sq, sq, sq, gr(s)-dws(s)"
"FP","gr(s)-dws(s), sq, sq, sq, sq, gr(s)-dws(s), sq, sq, sq, sq, am(s)-dws(s)"
"FP","gr(s)-nws(s), sq, sq, sq, sq, gr(s)-dws(s), sq, sq, sq, sq, agr(s)-dws(s)"
"FP","dm, agr(s)-dws(s), sq, sq, sq, sq, agr(s)-dws(s), sq, sq, sq, sq, agr(s)-dws(s)"
"FP","dm, agr(s)-uws(s), sq, sq, sq, agr(s)-uws(s), sq, sq, sq, sq, agr(s)-uws(s)"
"FP","dm, am(s)-dws(s), sq, sq, sq, sq, agr(s)-uws(s), sq, sq, sq, sq, agr(s)-uws(s)"
"FP","dm, agr(s)-uws(s), sq, sq, sq, sq, agr(s)-uws(s), sq, sq, sq, sq, agr(s)-uws(s)"
"FP","dm, agr(s)-uws(s), sq, sq, sq, sq, agr(s)-dws(s), sq, sq, sq, sq, agr(s)-dws(s)"
"FP","dm, am(s)-uws(s), agr, agr-w, agr(s)-uws, agr, gr-w, am(s)-uws(s)"
"FP","dm, agr(s)-uws(s), ba, ba, am(s)-uws, ba, ba, am(s)-aws"
"FP","dm(l), agr(s)-aws(s), ba, ba, am(s)-uws, ba, ba, am(s)-uws(s)"
"FP","dm, am(s)-uws(s), ba, ba, am(s)-aws(s), ba, ba, am(s)-aws, sq"
"FP","dm, am(s)-uws(s), sq, sq, sq, agr(s)-modws(s), sq, sq, agr(s)-dws(s)"
"FP","dm, am(s), dws(s), sq, sq, sq, sq, agr(s), dws(s), sq, sq, sq, sq, am(s), dws(s)"
"FP","dm, am(s)-dws(s), sq, sq, sq, sq, agr(s)-dws(s), sq, sq, sq, sq, agr(s)-dws(s)"
"FP","dm, agr(s)-dws(s), sq, sq, sq, sq, am(s)-dws(s), sq, sq, sq, sq, am(s), dws(s)"
"FP","dm, agr(s)-dws(s), sq, sq, sq, sq, am(s)-dws(s), sq, sq, sq, sq, agr(s)-dws(s)"
"FP","dm, agr(s)-uws(s), ba, ba, am(s)-uws(s), ba, ba, am(s)-uws(s)"
"FP","dm(l), am(s)-uws(s), ba, ba, ugr(s)-aws(s), ba, ba, am(s)-uws"
"FP","dm(l), am(s)-uws(s), ba, ba, ngr(s)-aws(s), ba, ba, agr(s)-aws(s)"
"FP","dm(l), am(s)-uws(s), ba, ba, am(s)-uws(s), ba, ba, agr(s)-uws"
"FP","dm, am(s)-dws(s), ti(a), ti(a), gr(s), dws(s), ti(a), ti(a), agr(s), dws(s)"
"FP","dm, am(s), dws(s), ti(a), ti(a), am(s)-dws(s), ti(a), ti(a), am(s)-dws(s)"
"FP","dm, agr(s), dhq, ti(a), ti(a), sq, dhq, ti(a), ti(a), gr(s), dhq"
"FP","dm, agr(s)-dws(s), ti(a), ti(a), sq, dws(s), ti(a), ti(a), am(s), dhq"
"FP","dm, agr(s), dws(s), ti(a), ti(a), am(s), dhq, dws(s)"
"FP","dm, agr(s)-dws(s), sq, sq, sq, agr(s)-dws(s), sq, sq, sq, sq, gr(s)-dws(s)"
"FP","dm, am(s)-dws(s), sq, sq, sq, sq, am(s)-dws(s), sq, sq, sq, sq, am(s)-dws(s)"
"FP","dm, am(s)-uws(s), sq, sq, sq, sq, am(s)-uws(s), sq, sq, sq, sq, am(s)-uws(s)"
"FP","gw(l)-be, z"
"FP","gw(l)-be, p"
"FP","gw(l), gw-gr, ahq"
"FP","agr, asq, asq"
"FP","gr, aws(s), asq"
"FP","ngr, aws(s), asq"
"FP","gr, aws(s), asq"
"FP","gr-w, gu, gr-w, sn, ac(s), asq, gr-w, ac(s)"
"FP","gr-w, gu, gr-w, sn, ac(s), ac(s), gr-w, ac(s)"
"FP","gr-w, gu, agr, sn, ac(s), ac(s), agr, ac(s)"
"FP","dgr(s)-um, m, um, as, as(s), gr(s)-um, ac(s)"
"FP","gr(s)-um, m, am, as, ns(s), gr(s)-um, ac(s)"
"FP","ngr-um, m, m, as, nc(s), gr-am, as(s)"
"FP","ngr(s)-am(s), p, agr, sn, ac(s), ac(s), agr, ac(s)"
"FP","agr, p, agr, sn, ac(s), ac(s), agr, as(s)"
"FP","agr, p, gr-w, sn, as(s), as(s), gr-w, as(s)"
"FP","gr-w, p, gr-w, sn, as(s), as(s), ngr-w, as(s)"
"FP","gr-w, p, gr-w, sn, as(s), as(s), ngr-w, as(s)"
"FP","gr-w, p, gr-w, as(s), as(s), ngr-am, as(s)"
"FP","gr(s)-mm, ti, ngr(s)-am, as(s), as(s), gr(s)-am, as(s)"
"FP","ngr(s)-mm, p, gr-um, ac, ac(s), gr-um, as(s)"
"FP","gr(s)-mm, p, gr-am, as, nc(s), gr-am, as"
"FP","gr(s)-um, ti, gr(s)-am, as, ns(s), gr-am, as"
"FP","gr(s)-am, ti, am, as, asq, gr-am, as"
"FP","gr-am, ti, gr(s)-mm, nc, ac(s), gr(s)-am, as"
"FP","gr(s)-am, ti(n), ngr-mm, ns, ac(s), gr(s)-um, ac(s)"
"FP","ngr-mm, ti, gr(s)-am, as, as(s), gr(s)-am, ac(s)"
"FP","gr(s)-um, ti(n), dgr(s)-am, ac, ahq, gr(s)-mm, ac(s)"
"FP","gr-am, ti(n), mgr(s)-mm, ac, ac(s), dgr(s)-mm, as(s)"
"FP","gr(s)-am, ti, gr(s)-am, as, as(s), ngr-mm, as(s)"
"FP","ngr-w, gu, ngr-w, sn, as(s), asq, ngr-w, as(s)"
"FP","ngr-w, gu, ngr-w, sn, as(s), as(s), ngr-w, as(s)"
"FP","gr-w, gu, ngr-w, sn, as(s), as(s), gr-w, as(s)"
"FP","ngr-w, gu, ngr-w, sn, as(s), as(s), gr-w, as(s)"
"FP","gr-w, gu, ngr-w, sn, as(s), as(s), gr-w, as(s)"
"FP","ngr-w, gu, ngr-w, sn, as(s), as(s), ngr-w, as(s)"
"FP","ngr-w, gu, ngr-w, sn, as(s), as(s), ngr-w, as(s)"
"FP","ngr-w, gu, ngr-w, sn, ac(s), ac(s), ngr-w, as(s)"
"FP","ngr-w, gu, ngr-w, sn, ac(s), ac(s), ngr-w, as(s)"
"FP","ngr-w, gu, dgr(s)-w, sn, as(s), as(s), ngr-w, as(s)"
"FP","ngr-w, gu, dgr-w, sn, ac(s), asq, ngr-w, ac(s)"
"FP","ngr-w, gu, ngr-w, sn, ac(s), ac(s), ngr-w, ac(s)"
"FP","ngr-w, gu, dgr-w, sn, as(s), as(s), ngr-w, ac(s)"
"FP","ngr-w, gu, ngr-w, sn, ac(s), asq, gr-w, ac(s)"
"FP","gr-w, gu, gr-w, sn, as(s), sq, ngr-w, ac(s)"
"FP","gr-w, gu, ngr-w, sn, ac(s), asq, ngr-w, ac(s)"
"FP","ngr-w, gu, ngr-w, sn, ac(s), asq, ngr-w, as(s)"
"FP","gr-w, gu, ngr-w, sn, as(s), asq, ngr-w, asq"
"FP","ngr-w, gu, ngr-w, sn, ac(s), as(s), gr-w, as(s)"
"FP","gr-w, gu, ngr-w, sn, as(s), asq, ngr-w, as(s)"
"FP","ngr-w, gu, ngr-w, sn, as(s), as(s), dgr-w, as(s)"
"FP","dgr-w, gu, dgr-w, sn, as(s), as(s), gr-w, as(s)"
"FP","gr-w, gu, gr-w, sn, asq, asq, gr-w, asq, gr-w"
"FP","gw(l), gw-gr, ahq, gw-gr, ahq"
"FP","gr, gw, agr, sn, ahq, ahq, ngr-w, asq"
"FP","ngr-w, gu, gr-w, sn, sq, asq, gr-w, asq"
"FP","ngr-w, gu, ngr-w, sn, sq, ahq, gr-w, asq"
"FP","gr-w, gu, gr-w, sn, asq, ahq, gr-w, as(s)"
"FP","gr-w, gu, gr-w, sn, as(s), asq, gr-w, asq"
"FP","gr-w, gu, gr-w, sn, ns(s), asq, ngr-w, as(s)"
"FP","ngr-w, gu, gr-w, sn, as(s), asq, gr-w, as(s)"
"FP","gr-w, gu, gr-w, sn, ac(s), asq, gr-w, as(s)"
"FP","ngr-w, gu, ngr-w, sn, as(s), as(s), ngr-w, as(s)"
"FP","ngr-w, gu, ngr-w, sn, as(s), asq, ngr-w, as(s)"
"FP","ngr-w, gu, ngr-w, sn, as(s), as(s), ngr-w, as(s)"
"FP","ngr-w, gu, ngr-w, sn, ns(s), as(s), ngr-w, as(s)"
"FP","dgr-w, gu, dgr-w, sn, as(s), as(s), dgr-w, as(s)"
"FP","ngr-w, gu, ngr-w, sn, as(s), as(s), ngr-w, as(s)"
"FP","ngr-w, gu, dgr-w, sn, as(s), ac(s), gr-w, as(s)"
"FP","gr-w, gu, gr-w, sn, as(s), asq, ngr-w, as(s)"
"FP","gr-w, gu, gr-w, sn, asq, asq, gr-w, asq"
"FP","ngr-w, gu, gr-w, sn, as(s), asq, gr-w, as(s)"
"FP","gr-w, gu, gr-w, sn, as(s), asq, ngr-w, as(s)"
"FP","ngr-w, gu, gr-w, sn, as(s), asq, ngr-w, as(s)"
"FP","ngr-w, gu, ngr-w, sn, asq, asq, ngr-w, as(s)"
"FP","ngr-w, gu, gr-w, sn, ns(s), ahq, ngr-w, as(s)"
"FP","gr-w, gu, ngr-w, sn, as(s), asq, ngr-w, as(s)"
"FP","ngr-w, gu, ngr-w, sn, as(s), as(s), ngr-w, as(s)"
"FP","ngr-am(s), gu, gr(s)-mm(s), as(s), sq, gr-um, as(s)"
"FP","gr(s)-um, p, dgr(s)-mm, as, ns(s), ngr(s)-am, as(s)"
"FP","gr(s)-um, p, am, sn, as(s), asq, gr(s)-am, ns(s)"
"FP","gr(s)-am, p, um, sn, as(s), as(s), ngr(s)-am, as(s)"
"FP","ngr(s)-am, p, ngr-am(s), sn, as(s), asq, dgr(s)-am(s), as(s)"
"FP","ngr(s)-am(s), gu, dgr-w, sn, as(s), ns(s), ngr-w, as(s)"
"FP","ngr-w, gu, gr-w, sn, as(s), asq, ngr-w, as(s)"
"FP","ngr-w, gu, ngr-w, sn, as(s), sq, ngr-w, ac(s)"
"FP","agr, gu, gr-w, sn, ac(s), sn, aws(s), gr-w, ac(s)"
"FP","gr-w, gu, gr(s)-w, sn, ac(s), aws(s), mgr-w, aws(s)"
"FP","gr-w, gu, gr-w, sn, aws(s), asq, ngr-w, ac(s)"
"FP","hs(l), ba, lb, lb, gt, lb, gt"
"FP","hs, ba, lb, lb, gt, lb, gt"
"FP","hs, ba, lb, lb, gt, lb, gt"
"FP","hs, ba, lb, lb"
"FP","am, am(s)-as, am, aws(s)"
"FP","lm, as, nws, modws, modws"
"FP","lm, as, nws, aws, nws"
"FP","gr(l), as, nws(l), nws, aws"
"FP","ngr(l), gu, gr, aws(s), nws(s), gr, aws(s)"
"FP","gr, gu-mgr-w, sn, aws(s), aws(s), gr-w, aws(s)"
"FP","gr-w, gu, gr-w, sn, aws(s), aws(s), ngr-w, ac(s)"
"FP","gr-w, gu, gr-w, sn, aws(s), hq, ngr-w, aws(s)"
"FP","am, am, hq, sq, dsq, hq, sq, hq, sq, hq, sq, hq, sq"
"FP","am, am, hq, sq, hq, sq, sq, hq, sq, hq, sq, am"
"FP","am, am, hq, sq, hq, sq, hq, sq, hq, sq, hq, sq, am, sq"
"FP","am, am(s), as(l), am, ahq"
"FP","am, nm(s), as(l), am, ahq"
"FP","lm, as, nws, nws, nws"
"FP","lm, as, nws, nws, nws(s)"
"FP","lm, as, nws(l), aws, ws"
"FP","lm-as, nws, nws, dws"
"FP","gw(l), gw-agr(l), aws(s), gw-mgr, aws(s)"
"FP","gw-agr, gw-mgr, aws(s), ahq, mgr, uws(s)"
"FP","gr, gr-agr, aws(s), ahq, gr-w, aws(s)"
"FP","gr-w, gu, gr-w, sn, aws(s), ahq, ngr-w, nc(s)"
"FP","gr-w, gu, ngr-w, sn, ac(s), ahq, ngr-w, ac(s)"
"FP","gr-w, gr-gu, ngr-w, sn, ac(s), ac(s), ngr-w, nc(s)"
"FP","ngr-w, gu, gr-w, sn, asq, asq, gr-w, asq"
"FP","hs(l), ba, lb, lb, gt, lb, gt"
"FP","hs(l), lb, lb, gt, lb"
"FP","hs(l), ba, lb, lb, gt, lb"
"FP","hs(l), ba, lb, lb, gt, lb"
"FP","hs(l), ba, lb, lb, gt, lb, hs(l)"
"FP","am, am, sq, sq"
"FP","am, am, hq, sq, sq, sq, sq, sq, am, sq"
"FP","mm, mm(s), sq, sq, sq, sq, sq"
"FP","am, am, sq, sq, sq, sq, sq, sq, am, sq"
"FP","mm, nm(s)-as"
"FP","am, dm(s), as, am, aws(s)"
"FP","lm, as, nws, aws"
"FP","lm-as, nws, aws, nws"
"FP","lm, as, nws, aws(s), dws(s)"
"FP","gw(l), gw-gr, aws(s), gw-gr, ac(s)"
"FP","ngr-w, gu, gr-w, sn, aws(s), ahq, ngr-w, aws(s)"
"FP","gr-w, gu, ngr-w, sn, aws(s), hq, ngr-w, ahq, sq"
"FP","am, am(s), sq, sq, sq"
"FP","am, am, sq, sq, sq, sq, sq, am, sq"
"FP","am, am(s), as"
"FP","gr(l), hs, nws, modws, nws, nws(s)"
"FP","gr(l), nws, nws, aws, nws"
"FP","agr(s)-uws(s), sq, sq, sq, uws(s)"
"FP","lm, nws, nws, nws, nws(s), nws"
"FP","gr(s)-aws, sq, sq, sq, agr(s)-uws"
"FP","am, am, hq, hq, hq, sq"
"FP","am, am, hq, sq, dhq, hq, hq, sq, sq, am, sq"
"FP","am, am, hq, sq, hq, sq, hq, sq, hq, sq, hq, sq, am, ahq"
"FP","am, am(s), as"
"FP","lm, as, nws, aws(s), dws(s)"
"FP","lm, as, nws, nws, nws"
"FP","lm-as, nws, nws(s), nws(s)"
"FP","lm-as, nws, aws(s), dws"
"FP","lm-as, nws, nws, ws"
"FP","gw(l), gw-gr, ahq, gw-gr, ahq"
"FP","agr, gw-gr, nws(s), ahq, gr-w, aws(s)"
"FP","agr, gu, agr, ac(s), nws(s), ngr-w, ac(s)"
"FP","gr-w, gu, gr-w, sn, nc(s), sq, hq, gr-w, ac(s)"
"FP","gr-w, gu, ngr-w, sn, ac(s), sq, gr-w, ac(s)"
"FP","gr-w, gu, gr-w, sn, ac(s), asq, gr-w, asq"
"FP","hs, ba, lb, lb, gt, lb"
"FP","hs, ba, lb, lb, gt, lb"
"FP","am(s), am(s), sq, sq, sq, sq, am, sq"
"FP","am, am, sq, sq, hq, sq, sq, sq, sq, am"
"FP","am, am(s), as"
"FP","agr(s)-um, am(s), as"
"FP","dgr, dgr-modws(l), nws, dgr, modws, modws(s), agr(s), dgr(s), dgr"
"FP","dgr, modws, nws, dgr, nc(s), nws, nws(s), dgr, dgr"
"FP","dgr(s), nws, nws, dgr, nws, nc(s), dgr, dgr"
"FP","mm, mm, um, dm(s), nc, sr, sr, modws(s), modhc, modhc, mm, dc(s)"
"FP","mm, hq, sq, aws(s), sq, sq, hq, sq, sq"
"FP","nm, hq, sq, hq, sq, sq, sq, hq, sq, hq, sq, am, m"
"FP","m, hq, sq, hq, sq, sq, hq, sq, sq, sq"
"FP","nm, agr(s), dm(s), agr(s), dm(s), agr(s), sq"
"FP","m, agr(s), dgr(s), agr(s), sq, agr(s)"
"FP","nm, agr(s), dgr(s), agr(s), dgr(s), agr(s), am(s)"
"FP","nm, sq, agr(s), ugr(s), agr(s), gr(s), agr(s)"
"FP","nm, agr(s), gr(s), agr(s), gr(s), agr(s), nm"
"FP","agr, ugr, ugr(s), dm(s), ngr, gr(s), gu"
"FP","agr, ugr, dm(s), dm(s), agr, gu"
"FP","gr, m, gr, gu, agr"
"FP","m, gr, hq, gr, gu"
"FP","gr, nws(s), nws, nws(s), gr, dgr, gu"
"FP","dgr, nws, nws, nws(s), dgr(s), dgr"
"FP","dgr, nws, nws, dgr, nws, nws(s), dgr(s), dgr"
"FP","dgr, aws, nws, nws(s), dgr(s), dgr"
"FP","modhc, dc, nc, dsq, modhc, sr, sr, modhc, dc, nm, dc(s)"
"FP","nm, hq, sq, sq, sq, hq, sq"
"FP","nm, hq, sq, hq, sq, hq, sq, hq, sq, hq, sq"
"FP","nm, agr(s), gr(s), agr(s), sq, agr(s), sq"
"FP","mm, p, am(s), am(s), dm(s), agr(s)"
"FP","nm, am(s), gr(s), am(s), gr(s), am(s), sq"
"FP","nm, agr(s), agr(s), agr(s), gr(s), agr(s)"
"FP","nm, am(s), dgr(s), am(s), dgr(s), agr(s)"
"FP","nm, am(s), am(s), agr(s), dm(s), am(s)"
"FP","gr, nws(s), nws, nws(s), dgr, nws, nws(s), dgr, dgr"
"FP","dgr, nws, nws(s), nws(s), dgr, dgr"
"FP","dgr(s), nws, nws(s), gr, nws, nws(s), dgr, dgr"
"FP","gr, nws, nws, nws(s), dgr, nws, nws, dgr, dgr"
"FP","dgr, nws, nws, nws(s), dgr, aws(s), dws(s), aws(s), dgr, mgr(l)"
"FP","dgr(s), nws, nws, dgr(s), nws(s), nws(s), nws(s), dgr, dgr"
"FP","dgr, nws, nws, dgr, ac(s), dws, nws(s), dgr, dgr"
"FP","dc, modhc, dc(s), dc, sr, sr, dc, nm(s), nm, dc(s)"
"FP","nm, hq, sq, hq, sq, hq, sq, hq, sq"
"FP","m, hq, sq, hq, sq, sq, hq, sq, am, m"
"FP","nm, hq, sq, sq, sq, hq, sq, hq, sq, am, m"
"FP","nm, hq, sq, hq, sq, hq, sq, hq, sq"
"FP","nm, hq, sq, sq, hq, sq, hq, sq, nm(l)"
"FP","nm, am(s), am(s), agr(s), gr(s), agr(s), sq"
"FP","nm, am(s), am(s), am(s), am(s), agr(s)"
"FP","mm(s)-m, agr(s), gr(s), am(s), gr(s), agr(s)"
"FP","am, am(s), gr(s), agr(s), am(s), am(s), am(s)"
"FP","mm, am(s), dgr(s), agr(s), gr(s), agr(s)"
"FP","am, m, m, gu"
"FP","gr, asq, asq"
"FP","gr, gu"
"FP","gr, ahq, asq, gu"
"FP","dgr, nws, nws, nws(s), dgr, dgr"
"FP","dgr(s), nws, nws(s), dgr(s), nws, nws(s), dgr, dgr"
"FP","dgr, nws, nws, nws(s), dgr(s), aws(s), nws, nws(s), dgr, dgr"
"FP","dgr, nws, nws(s), dgr, nws, nws(s), dgr, dgr"
"FP","dgr, nws, nws, dsq, dgr, nws, nws(s), dgr, dgr"
"FP","dm, modhc, dm(s), dm, sr, sr, dc, dc, dc, dsq"
"FP","m, hq, sq, sq, hq, sq, sq"
"FP","nm, hq, sq, hq, sq, hq, sq, hq, sq, sq, am-m"
"FP","nm, hq, sq, hq, sq, hq, sq, hq, sq, hq, sq"
"FP","nm, hq, sq, hq, sq, hq, sq, hq, sq, sq, am, m"
"FP","nm, am(s), dgr(s), am(s), dgr(s), am(s), sq, agr(s)"
"FP","nm, am(s), sq, agr(s), dgr(s), am(s), sq"
"FP","nm, agr(s), gr(s), agr(s), sq, am(s)"
"FP","m, dm(s), dm(s), dsq, m, gu"
"FP","m, um, dm(s), dm, m, gu"
"FP","gr, gw, gr, ahq, ahq, ahq"
"FP","dgr, nws, nws, dgr, nws, ac(s), dgr, dgr"
"FP","dgr, nws, nws, nws(s), dgr, dgr"
"FP","dgr, nws, nws, dgr, nws, aws(s), dgr, dgr"
"FP","dc, dc, dc(s), dc, sr, sr, dc, nc, dc(s), dsq"
"EC","mm-ac, dgr(s), dgr(s), dgr(s), dgr(s)"
"EC","m-ac, gr(s), gr(s), gr(s), gr(s), gr(s)"
"EC","m-ac, sr"
"EC","agr, agr, sq"
"EC","agr(s), sq, agr, sq"
"EC","agr(s), sq, agr, sq"
"EC","pe, pe-ac, ba"
"EC","pe, modhc-ahq, asq"
"EC","ac(s), ac, sq"
"EC","ac(s), modhc, nws(l)"
"EC","modhc, hq, hq, ahq, hq"
"EC","modhc, dm(l)"
"EC","mm-aws(s), dgr"
"EC","mm-w, dgr(s), gr(s), gr(s)"
"EC","mm-w, gr(s), gr(s), gr(s)"
"EC","mm-w, gr(s), gr(s), gr(s)"
"EC","m-w, gr(s), gr(s), gr(s), gr(s)"
"EC","nm-w, gr(s), gr(s), gr(s), gr(s)"
"EC","m-w, gw(l)"
"EC","am, gw-sr"
"EC","m-ac, gw-sr"
"EC","m-ac, gw-sr"
"EC","mbd, abd(s)"
"EC","nbd-w, abd(s)"
"EC","mbd, abd(s)"
"EC","mbd, mbd(s)"
"EC","abd, abd(s)"
"EC","abd, abd(s)"
"EC","mbd, abd(s)"
"EC","nc-aws(s), modhc, ahq"
"EC","ac(s)-ahq, modhc-ahq"
"EC","nc(s)-ahq, modhc, modhc, aws(l)"
"EC","mm, ac(s), dgr"
"EC","mm, ac(s), dgr"
"EC","m-w, ac(s), dgr"
"EC","m-w, hc(s), dgr"
"EC","nm-w, gr(s), gr(s), gr(s), gr(s)"
"EC","nm-w, gr(s), gr(s), gr(s), gr(s)"
"EC","am, gw(l)"
"EC","m-ac(s), gw(l)"
"EC","m-ac(s), gw-sr"
"EC","m-ac, gw-sr"
"EC","m-ac, sr"
"EC","m-w, sr"
"EC","agr, am"
"EC","am(s), am, ac(s)"
"EC","modhc, dm(l)"
"EC","modhc, dm(l)"
"EC","am(s), ac, dgr"
"EC","m-w, ac, dgr"
"EC","am, hc(s), dgr"
"EC","mm-ac(s), gr(s), gr(s), dgr(s)"
"EC","am, gr(s), gr(s), gr(s), gr(s)"
"EC","am, gr(s), gr(s), gr(s), gr(s)"
"EC","am(s)-asq, gr(s), gr(s), gr(s), gr(s)"
"EC","mm, gr(s), gr(s), gr(s), gr(s)"
"EC","m-ac(s), gw-sr"
"EC","m-ac, gw-sr"
"EC","abd, abd(s)"
"EC","abd, abd(s)"
"EC","mbd, abd(s)"
"EC","mbd, abd(s)"
"EC","pe-aws, sq"
"EC","aws, sq"
"EC","aws, sq, sq"
"EC","pe-as, sq"
"EC","pe-modhc-aws(s), sq"
"EC","ac(s)-ahq, sq"
"EC","hc(s), nws(l), dc"
"EC","modhc-ahq, ahq, ahq, ahq"
"EC","modhc, ahq, ahq, ahq, ahq"
"EC","modhc, dm(l)"
"EC","modhc, dm(l)"
"EC","hc, dgr(l)"
"EC","m-w, dgr, dgr, dgr(s), dgr(s)"
"EC","mm-w, gr(s), gr(s), gr(s), gr(s)"
"EC","nm-w, gr(s), gr(s), gr(s), gr(s), gr(s)"
"EC","nm-w, gr(s), gr(s), gr(s), gr(s), gr(s)"
"EC","nm-w, gr(s), gr(s), gr(s), gr(s), gr(s)"
"EC","mm-ac(s), gr(s), gr(s), gr(s), gr(s)"
"EC","m-w, sr(l)"
"EC","m-w, sr(l)"
"EC","m-w, sr(l)"
"EC","m-w, sr(l)"
"EC","m-w, sr(l)"
"EC","m-w, sr(l)"
"EC","m-ac(s), sr(l)"
"EC","m-ac(s), ac(s), sr(l)"
"EC","m-w, hc(s), sr(l)"
"EC","m-w, hc(s), sr(l)"
"EC","m-ac(s), sr(l)"
"EC","m-ac(s), hc(s), sr(l)"
"EC","m-ac, hc(s), sr(l)"
"EC","agr(s), sn, agr(l), sn"
"EC","agr(s), sn, agr(l), sn"
"EC","agr(s), sn, agr(l), sn, sn"
"EC","ti(s), ti(a)-ac-ahq, ba"
"EC","ti(a), ti(a)-modhc-ahq, w"
"EC","ti(d), nc-ahq"
"EC","modhc, modhc(l)-aws(s), aws(s)"
"EC","modhc, modhc, ahq, ahq"
"EC","modhc, modhc"
"EC","modhc, modhc(l)"
"EC","modhc, dm(l)"
"EC","modhc, hc(s), dm(l)"
"EC","nm-w, hc, gr"
"EC","mm-w, hc(s), gr"
"EC","m-w, gr, gr(s), gr(s)"
"EC","nm-w, gr, gr(s), gr(s)"
"EC","m-w, gr(s), gr(s), gr(s)"
"EC","m-w, gw, gw(s)"
"EC","m-w, gw, gw(s)"
"EC","m-w, gw, sr(l)"
"EC","nm-w, gw, sr"
"EC","m-w, gw"
"EC","nm(l)-w, sr(l)"
"EC","m-w, gw"
"EC","m-w, gw"
"EC","am, sr(l)"
"EC","m-w, sr(l)"
"EC","mbd, mbd, mbd(s)"
"EC","mbd(l), mbd"
"EC","mbd(l), mbd(s)"
"EC","mbd(l), ubd(s)"
"EC","dbd, mbd(l), dbd-w"
"EC","mbd(l), dbd-w"
"EC","mbd(l), ubd(s), mbd(l)"
"EC","ti(m), modhc-ahq, asq"
"EC","ti(a), ti(a), modhc-ahq, asq"
"EC","modhc(s)-ahq, modhc-uws(s), sq"
"EC","uc(s)-ahq, modhc-aws, aws, ahq"
"EC","ac, modhc, nc(s)-aws(l)"
"EC","modhc-ahq, ahq, ahq, ahq, ahq, ahq"
"EC","modhc-ahq, ahq, ahq, dhq, ahq"
"EC","modhc-ahq, dm(l)"
"EC","modhc, dm(l)"
"EC","modhc, dm(l)"
"EC","m, hc, sq, dgr"
"EC","nm-nc, sq, dgr"
"EC","m-hc, sq, dgr"
"EC","mm, nc(s), sq, dgr"
"EC","mm, sq, sq, dgr"
"EC","dm, nc(s), asq, dgr"
"EC","m-nc, dsq, dgr"
"EC","nm-w-hc(s), sq, dgr"
"EC","m, nc(s), hq, dgr"
"EC","m-hc, sq, dgr"
"EC","m-hc, sq, dgr"
"EC","nm-ac(s), sq, dgr"
"EC","mm-ac, sq, sq, dgr"
"EC","m-hc, sq, dgr"
"EC","m-w, gr, gr, gr(s)"
"EC","m-w, dgr(s), dgr(s), gr(s), gr(s)"
"EC","m-w, gr(s), gr(s), gr(s), gr(s)"
"EC","m-w, gr(s), gr(s), gr(s), gr(s)"
"EC","nm-w, gr(s), gr(s), gr(s), gr(s)"
"EC","m-w, gr(s), gr(s), gr(s), gr(s), gr(s)"
"EC","nm-w, gr(s), gr(s), gr(s), gr(s), gr(s)"
"EC","m-w, gr(s), gr(s), gr(s), gr(s), gr(s)"
"EC","nm-w, gr(s), gr(s), gr(s), gr(s)"
"EC","nm-w, gw, sr"
"EC","m-w, gw, sr"
"EC","m-w, gw"
"EC","nm-w, gw, sr"
"EC","m-w, gw"
"EC","nm-w, gw"
"EC","nm-w, gw, sr"
"EC","m-w, gw"
"EC","m-w, gw, sr"
"EC","m-w, sr, sr"
"EC","m-w, gw, sr"
"EC","abd, mbd, sn, bd(s)-w, sn"
"EC","mbd, am(s), sn, bd(s)-w, sn"
"EC","m, am, sn, bd(s)-w, sn"
"EC","mbd(s), sn, ubd, sn"
"EC","mbd(l), sn, dbd-w, sn"
"EC","mbd, mbd, sn, bd(s)-w, sn"
"EC","nbd, dbd, abd(s), sn, sn, dbd-w, sn"
"EC","mbd(l), ubd(s)"
"EC","mbd(l), ubd(s)"
"EC","mbd, ubd, ubd(s)"
"EC","modhc-ahq, ahq, ahq, ahq, ahq"
"EC","modhc, dm(l)"
"EC","modhc-ahq, dm(l)"
"EC","modhc-ahq, dm(l)"
"EC","modhc, sq, dm, dm"
"EC","m-hc, dgr"
"EC","am-nc, sq, dgr"
"EC","mm(l)-ac, dgr"
"EC","m, nc, asq, dgr"
"EC","nm, nc, sq, dgr"
"EC","m-nc, sq, dgr"
"EC","m-nc, sq, sq, dgr"
"EC","nm-nc(s), dgr"
"EC","m, nc, sq, dgr"
"EC","nm-hc, sq, dgr"
"EC","nm, hc(s), dsq, dgr"
"EC","nm-nc, sq, dgr"
"EC","mm(l)-asq, asq, sq, dgr"
"EC","m-w, dhq, sq, dgr"
"EC","mm-w, asq, sq, hq, dgr"
"EC","mm-w, hq, sq, dgr"
"EC","mm-w, hq, dsq, dgr"
"EC","mm-w, asq, dhq, dgr"
"EC","nm-w, nc(s), sq, dgr"
"EC","m-hc(s), dgr"
"EC","m-w, hc(s), sq, dgr"
"EC","m-w, hc(s), sq, dgr"
"EC","m-w, sq, sq, dgr"
"EC","nm-nc(s), dgr"
"EC","m-dc(s), dsq, dgr"
"EC","nm-asq, sq, sq, dgr"
"EC","mm-w, dsq, dsq, dgr"
"EC","mm-w, dsq, asq, dgr"
"EC","mm-sq, asq, asq, dgr"
"EC","mm-w, gr, gr, gr"
"EC","m-w, gr, gr, gr(s)"
"EC","m-w, gr, gr(s), gr(s)"
"EC","mm-w, gr(s), gr(s), gr(s), gr(s)"
"EC","mm-w, gr(s), gr(s), gr(s), gr(s)"
"EC","mm-w, gr(s), gr(s), gr(s), gr(s)"
"EC","m-w, gr(s), gr(s), gr(s), gr(s)"
"EC","mm-w, gr(s), gr(s), gr(s), gr(s)"
"EC","mm-w, gr(s), gr(s), gr(s), gr(s)"
"EC","nm-w, gr(s), gr(s), gr(s), gr(s)"
"EC","nm-w, sq, gr, dgr, gw-sr"
"EC","m-w, gw(l), sr"
"EC","nm-w, sr"
"EC","m-w, gw(l), sr"
"EC","nm-w, gw, sr"
"EC","m-w, sr, sr"
"EC","modhc, ahq, hq, hq, hq"
"EC","mm, hq, hq, hq, hq, hq, asq, dgr"
"EC","mm, asq, dsq, dsq, dsq, dgr"
"EC","mm-w, nws(s), dsq, dsq, dsq, dgr"
"EC","mm, hq, sq, sq, dhq, dgr"
"EC","mm-w, gr, gr, gr, gr(s)"
"EC","mm-w, gr, gr(s), gr(s), gr(s), gr(s)"
"EC","mm-w, gr, gr, gr, gr(s), gr(s)"
"EC","mm-w, gr(s), gr(s), gr(s), gr(s), gr(s)"
"EC","mm-w, gr, gr, gr(s), gr(s), gr(s)"
"EC","mm-w, gr(s), gr(s), gr(s), gr(s), gr(s)"
"EC","mm-w, gr(s), gr(s), gr, gr, gr(s)"
"EC","mm-w, gw, gw(l), sr(s)"
"EC","mm-w, gw, sr, sr(s)"
"EC","nm-w, gw, sr, sr(s), aws(s)"
"EC","mm-w, gw, sr, sr(s)"
"EC","mm-w, gw, sr, sr(s)"
"EC","mbd(l), mbd, sn, mbd, sn"
"EC","mbd(l), mbd, sn, mbd, sn"
"EC","mbd(l), mbd, sn, mbd, sn"
"EC","ti(a), ti(a), ti(a), ti(a), ti(a), nc(s), aws, ba"
"EC","ti(a), ti(a), ti(a), ti(a), ti(a), ac(s), aws"
"EC","modhc, hq, hq, hq, hq, hq, hq, hq, ahq, hq"
"EC","modhc, hq, hq, ahq, ahq, ahq, ahq, ahq, ahq"
"EC","modhc, dc(l)"
"EC","modhc, dm, dm"
"EC","mm-w, sq, sq, ahq, sq, sq, sq, sq, dgr"
"EC","mm, hq, sq, sq, sq, sq, sq, sq, sq, dgr"
"EC","mm-w, sq, sq, asq, sq, ahq, dgr"
"EC","mm-w, gr, gr, gr"
"EC","mm-w, gr, gr, gr"
"EC","mm-w, gr, gr, gr, gr"
"EC","mm-w, gr(s), gr(s), gr(s), gr(s), gr(s)"
"EC","mm-w, gr, gr(s), gr(s), gr(s), gr(s)"
"EC","m-w, gw, sr, sr"
"EC","m-w, gw, sr, sr"
"EC","mm-w, gw, sr, sr"
"EC","m-w, gw, sr, sr"
"EC","m-w, gw, sr, sr"
"EC","mbd, mbd, sn, ubd, sn"
"EC","mbd(l), um, sn, ubd, sn"
"EC","mbd(l), sn, sn, dbd(s), sn"
"EC","mbd(l), ubd(s), sn, dbd(s), sn"
"EC","mbd(l), sn, dbd(s), sn"
"EC","mbd, mbd, mbd, sn, ubd, sn"
"EC","ti(a), ti(a), ti(a), ti(a), ti(a), ti(a), hq, aws(s)"
"EC","ti(a), ti(a), ti(a), ti(a), ti(a), hq, aws"
"EC","ti(a), ti(a), ti(a), asq, aws(l)"
"EC","modhc, hq, ahq, hq, ahq, ahq, hq, ahq, hq, ahq, dhq"
"EC","modhc, hq, ahq, ahq, ahq, ahq, ahq, ahq, ahq, dhq, ahq, ahq, sq, sq"
"EC","modhc, dm(l)"
"EC","modhc, dm, dm"
"EC","mm, sq, hq, dgr"
"EC","mm, dsq, dsq, dgr, sq, dsq"
"EC","mm-w, dsq, sq, hq, hq, dgr"
"EC","mm-w, gr, gr, gr, gr(s)"
"EC","mm-w, gr, gr, gr(s), gr(s), gr(s)"
"EC","mm-w, gr, gr(s), gr(s), gr(s), gr(s)"
"EC","mm-w, gr, gr(s), gr(s), gr(s), gr(s)"
"EC","mm-w, gr(s), gr(s), gr, gr(s), gr(s)"
"EC","mm-w, gr(s), gr, gr(s), gr(s), gr(s)"
"EC","mm-w, gw, gw(l), sr"
"EC","mm-w, gw, sr(l), sr"
"EC","m-w, gw, sr(l)"
"EC","mm, gw, sr, sr"
"EC","mm-w, gw, sr, sr"
"EC","mbd, mbd, sn, sn, ubd-w, sn"
"EC","mbd(l), mbd, sn, sn, bd-w, sn"
"EC","mbd(l), mbd, sn, sn, bd-w, sn"
"EC","ti(a), ti(a), ti(a), ti(a), nc(s)-aws"
"EC","modhc(l), hq, hq, hq, hq, hq, hq, hq, hq"
"EC","modhc(l), ahq, ahq, ahq, ahq, ahq, hq, ahq, hq"
"EC","modhc, dc(l)"
"EC","modhc, dm, dm"
"EC","modhc-asq, dm, dm"
"EC","mm, sq, dsq, dgr"
"EC","mm-w, sq, sq, dsq, dsq, dgr"
"EC","mm, hq, sq, sq, hq, sq, hq, dgr"
"EC","mm, dsq, sq, sq, sq, asq, sq, dgr"
"EC","mm, sq, hq, sq, asq, sq, asq, asq, dgr"
"EC","mm, sq, asq, sq, asq, sq, dsq, dgr"
"EC","mm-w, gr, gr, gr"
"EC","m-w, gr, gr, gr"
"EC","m-w, gr, gr, gr"
"EC","m-w, gr, gr, gr"
"EC","m-w, gr, gr, gr, gr"
"EC","mm-w, gr, gr(s), gr(s), gr(s)"
"EC","mm-w, gr(s), gr(s), gr(s), gr(s), gr(s)"
"EC","mm-w, gw, gw(l), sr(s)"
"EC","mm-w, gw, sr(l), sr(s)"
"EC","m-w, gw, sr, sr(s)"
"EC","mm-w, gw, sr, sr(s)"
"EC","mbd(l), hc, dbd-w, ahq"
"EC","mbd(l), mbd, sn, dbd-w, sn"
"EC","mbd(l), dbd-w, sn"
"EC","mbd(l), ubd, dbd-w, sn"
"EC","ti(a), ti(a), ti(a), ti(a), ti(a), aws, sq"
"EC","ti(a), ti(a), ti(a), ti(a), nc(s), aws"
"EC","ti(a), ti(a), ahq, nc(s), nc(s)-aws, aws"
"EC","modhc(l), ahq, ahq, ahq, hq, hq, hq, hq, ahq, hq"
"EC","modhc(l), ahq, ahq, ahq, hq, ahq, hq, ahq, dhq, ahq"
"EC","modhc(l), ahq, ahq, ahq, ahq, hq, ahq, hq, ahq, dhq, ahq"
"EC","modhc, dc, dm"
"EC","modhc, dm, dm(l)"
"EC","mm-w, dsq, sq, dsq, dsq, dgr"
"EC","mm-w, dsq, dsq, dgr"
"EC","mm-dsq, dsq, dsq, dgr, gr"
"EC","mbd(l), bd(s), sn, sn, dbd-w, sn, sn"
"EC","mbd, mbd, sn, dbd-w, sn, sn"
"EC","mbd, mbd, gr(s), sn, sn, dbd-w, sn, sn"
"EC","mbd, mbd, sn, sn, dbd-w"
"EC","mbd(l), ubd(s), dbd-w"
"EC","mbd, ubd"
"EC","mbd, ubd, sn, ubd, sn"
"EC","mbd, mbd"
"EC","mm, hq, dhq, dhq, dhq, hq, hq, hq, dhq, dgr"
"EC","mm, sq, hq, sq, dsq, sq, sq, sq, dgr"
"EC","mm, hq, dhq, hq, sq, ahq, sq, hq, dsq, hq, sq, dgr"
"EC","mm, hq, sq, hq, sq, sq, hq, hq, hq, sq, dgr"
"EC","mm, sq, sq, hq, sq, hq, sq, dsq, hq, dhq, dgr"
"EC","mm, sq, sq, hq, sq, sq, dsq, hq, dgr"
"EC","m-w, gr, gr, gr, gr"
"EC","m-w, gr, gr, gr, gr"
"EC","m-w, gr, gr, gr, gr"
"EC","mm, gw, gw, sr(s)"
"EC","ti(a), ti(a), ti(a), ti(a), asq, asq, ac(s), sq"
"EC","ti(a), asq, asq, asq, aws, aws"
"EC","modhc, ahq, ahq, ahq, ahq, ahq, ahq, ahq"
"EC","modhc(l), ahq, ahq, ahq, ahq, ahq, ahq, ahq"
"EC","modhc, m, dm"
"EC","mm, gw, sr"
"EC","mm-w, gw, gw"
"EC","mm(l)-w, gw, gw-sr(s)"
"EC","mm(l), gw, sr"
"EC","m, gw, sr"
"EC","m-w, sr, gw, gw"
"EC","m, sr, gw, gw"
"EC","m, sr, gw, gw"
"EC","am, gw, gw"
"EC","m, gw, gw-sr"
"EC","m, gw, sr"
"EC","am, gw, sr"
"EC","m, gw, sr"
"EC","m-w, gw, sr"
"EC","am, sr, sr"
"EC","mbd(l), mbd, sn, sn, ubd, sn, sn"
"EC","ubd, ubd, sn, sn, ubd, sn, sn"
"EC","ubd, ubd, sn, sn, ubd, sn, sn"
"EC","ubd, ubd, sn, sn, ubd, sn, sn"
"EC","ubd, ubd, sn, sn, ubd, sn, sn"
"EC","ubd, ubd, sn, sn, ubd, sn, sn"
"EC","mbd, dbd, dbd, sn, sn, dbd-w"
"EC","ti(a), ti(a), ti(a), sq, sq, sq, sq, sq, aws(s), asq"
"EC","ti(a), ti(a), sq, asq, sq, sq, sq, sq, nws(s)-aws, aws"
"EC","modhc(l), aws(s), ahq, ahq, ahq, ahq, ahq, hq, ahq"
"EC","modhc, hc, dm"
"EC","modhc, dm, dgr(l)"
"EC","mm(l)-ac, dgr"
"EC","mm, hq, dhq, hq, dgr, dgr"
"EC","mm, gr, gr, gr"
"EC","nm, gr, gr, gr"
"EC","nm, gr, gr, gr, gr(s)"
"EC","nm, gr, gr, ngr, gr(s)"
"EC","m, gr, gr, gr, gr"
"EC","nm, gr, gr, gr, gr"
"EC","nm, gw, gw-sr"
"EC","m, gw, gw-sr"
"EC","m, gw, gw-sr"
"EC","m, gw, gw-sr"
"EC","m, gw, gw-sr"
"EC","m, gw, sr"
"EC","m, gw, sr"
"EC","nm, gw-sr, sr, sr(s), agr(s)"
"EC","m, sr, sr"
"EC","mm, sr, sr"
"EC","nm, sr, sr"
"EC","nm, sr, sr"
"EC","am, sr, sr"
"EC","nm, sr, sr"
"EC","m, sr, sr"
"EC","nm, sr, sr"
"EC","mbd(l), dbd(s), sn, sn, ubd(s), sn, sn"
"EC","mbd, mbd, sn, sn, dbd-w, sn, sn"
"EC","mbd, sn, sn, dbd-w, sn, sn"
"EC","mbd, mbd, sn, sn, dbd-w, sn, sn"
"EC","mbd(l), ubd(s), sn, sn, abd, sn, sn"
"EC","mbd, mbd, sn, sn, dbd-w, sn, sn"
"EC","mbd, ubd, sn, sn, dbd-w, sn, sn"
"EC","mbd(l), sn, sn, abd(s), sn, abd(s), sn"
"EC","ti(a), ti(a), ti(a), ti(a), ti(a), ti(a), ti(a), nc(s)-aws, asq"
"EC","nm(l), gw(l)-sr(s), sr(s), sr(s)"
"EC","nm, gw(l), sr, sr(s)"
"EC","mm-w, gw-sr, sr(l), sr(s)"
"EC","mm, gw, sr(l), sr(s)"
"EC","mbd(l), ba, ba, ba, mbd(s)-w, ba, ba"
"EC","mbd, mbd, abd, ba, ba, ba, dbd-w, ba, ba"
"EC","mbd, mbd, ba, ba, ba, dbd(s)-w, ba, ba"
"EC","mbd(l), mbd, ba, ba, dbd-w, ba, ba"
"EC","mbd(l), bd(s), ba, ba, dbd-w, ba, ba"
"EC","mbd, abd, ba, ba, dbd-w, ba, ba"
"EC","mbd(l), mbd, ba, ba, dbd-w, ba, ba"
"EC","mbd, nbd(s), abd(s), ba, ba, ba, dbd-w, ba, ba"
"EC","mbd, mbd, abd(s), ba, ba, ba, dbd-w, ba, ba"
"EC","mbd, mbd, abd(s), ba, ba, ba, dbd-w, ba, ba"
"EC","ti(a)(s), ti(m), ti(m), ti(n)(s), ti(n)(s), aws, ba"
"EC","modhs(s), modhs, modws, nws, sq, sq"
"EC","modhc(s), modhc, modhs(s)-ahq, ahq, ahq, ahq, ahq, ahq, hq, ahq, ahq"
"EC","modhc, ahq, ahq, ahq, ahq, ahq, hq, ahq"
"EC","modhc, dm(l)"
"EC","modhc, dm, dm"
"EC","modhc, dm, dm"
"EC","m, dm, dm"
"EC","mm, dgr"
"EC","mm, dgr"
"EC","mm-w, agr, gr, agr, gr(s)"
"EC","mm-w, gr, gr, gr(s), gr(s), gr(s)"
"EC","mm, gr, gr, gr, gr(s), gr(s)"
"EC","mm, gr(s), gr(s), gr(s), gr(s), gr(s)"
"EC","mm, gr(s), gr, gr(s), gr(s), gr(s)"
"EC","mm-w, gr(s), gr, gr, gr(s), gr(s)"
"EC","mm-w, gw, gw-sr, sr(s), sr(s)"
"EC","m-w, sr(l), sr(l), sr(s)"
"EC","m-w, gw, gw-sr(s), sr(s)"
"EC","mbd(l), ubd, sn, sn"
"EC","mbd(l), m-w, sn"
"EC","mbd(l), ubd, sn, sn"
"EC","mbd(l), mbd, bd(s), sn, dbd"
"EC","mbd(l), dbd(s), sn, sn"
"EC","abd(s), nbd, mbd"
"EC","mbd(l), abd(s), sn, sn, sn"
"EC","mbd, mbd, abd(s)"
"EC","mbd(l), mbd, sn, sn"
"EC","mbd(l), mbd, sn, sn, sn"
"EC","mbd(l), mbd, nbd(s), sn, sn, sn, dbd-w"
"EC","mbd(l), mbd, sn, sn, sn, dbd-w, sn, sn, sn"
"EC","mbd(l), sn, sn, sn"
"EC","mbd, mbd(l), bd(s), sn, dbd-w, sn, sn"
"EC","ti(a), ti(a), ti(a), ti(a), ti(a), ti(a), ti(a), ti(n), ti(a), ti(a), ti(n), aws, asq"
"EC","ti(a), ti(a), ti(a), ti(a), ti(a), sr(s), aws(s), sq"
"EC","modhc, ahq, ahq, ahq, hq, asq, ahq, ahq"
"EC","modhc, dm, dm"
"EC","modhc, dm, dm"
"EC","modhc, dm, dm"
"EC","mm-w, m, dgr"
"EC","mm-w, dm, gr"
"EC","mm-w, sq, sq, sq, sq, sq, sq, sq, dgr"
"EC","mm, ahq, sq, sq, sq, dhq, dhq, dhq, ahq, hq, sq, dgr"
"EC","mm, sq, sq, hq, ahq, hq, dsq, dsq, dsq, dgr"
"EC","mm, asq, dsq, sq, hq, sq, ahq, sq, hq, sq, sq, sq, dhq, dgr"
"EC","mm-w, gr, gr, gr(s), gr(s)"
"EC","mm-sq, gr, gr, gr, gr(s), gr(s)"
"EC","mm, gr, gr(s), gr(s), gr(s), gr(s), gr(s)"
"EC","mm, sq, agr, gr(s), gr(s), gr(s), gr(s), gr(s)"
"EC","mm-w, gr(s), gr(s), gr(s), gr(s), gr(s)"
"EC","mm, gr(s), gr(s), gr(s), gr(s), gr(s), gr(s)"
"EC","mm, gr(s), gr(s), gr(s), gr(s), gr(s), gr(s)"
"EC","mm-w, gr(s), gr(s), gr(s), gr(s), gr(s)"
"EC","mm-w, gr(s), gr(s), gr(s), gr(s), gr(s)"
"EC","mm-w, gw, sr, sr"
"EC","mm, sr"
"EC","ba, ba, ba, as(l)"
"EC","ba, ba, ba, as(l)"
"EC","ba, ba, asq, asq, ba, ba, as(l)"
"EC","ba, ba, asq, asq, ba, ba, as(l)"
"EC","mm(s), mm(s), hq, hq, hq, hq, hq"
"EC","mm, mm, hq, hq, hq, hq, hq, hq, hq, hq"
"EC","mm, mm, hq, hq, hq, sq, hq, hq, sq, asq"
"EC","am, mm, hq, hq, hq, hq, hq, hq, hq, sq, hq, hq, hq, sq, hq"
"EC","mm, am, hq, hq, sq, hq, sq, hq, hq, sq, hq, ahq, ahq"
"EC","mm, mm, ac"
"EC","mm, mm, as"
"EC","mm, mm, as"
"EC","mm, mm, as"
"EC","lm-ti(a)(s), nws(l), nws(s)"
"EC","m-ti(a), nws(l), nws(s)"
"EC","lm-ti(a), nws(l), nws(s)"
"EC","lm-ti(a), nws(l), nws(s)"
"EC","gr(s)-ba, p, gr(s)-ba, ahq, ahq"
"EC","mm(s), mm(s), ahq, hq"
"EC","mm, mm, asq, sq, sq, sq, hq, sq"
"EC","mm, mm, hq, hq, hq, hq, sq, hq, sq, hq, hq, sq, hq, sq, hq, sq"
"EC","mm, mm, hq, sq, hq, sq, hq, sq, hq, sq, hq, sq, hq, sq, hq, sq, sq, hq, sq,"
"EC","mm, mm, sq, hq, sq, hq, sq, hq, sq, hq, sq"
"EC","mm, mm, hq, sq, hq, sq, hq, sq, hq, sq, hq, sq, hq, sq, hq, sq, hq, sq, hq, sq, sq"
"EC","am, mm, as"
"EC","mm, mm, as"
"EC","mm, mm, ahq, ahq"
"EC","mm, mm, as"
"EC","m-ti(a), aws(s), dws, aws(s)"
"EC","lm, nws, dws, aws(s)"
"EC","lm, ti(a), nws(l), aws(s)"
"EC","lm-ti(a), aws(s), nws, nws(s)"
"EC","m, m, ahq, asq"
"EC","gr(s)-ba, p(s), gr(s)-ba, ahq, ahq"
"EC","gr(s)-ba, gr(s)-ba, ahq, ahq, nm"
"EC","gr(s)-ba, ahq, ahq"
"EC","gr(s)-ba, gr(s)-ba, ahq, ahq"
"EC","ba, ba, ac(l)"
"EC","ba, ba, ba, ac(l)"
"EC","ba, ba, ba, ac(l)"
"EC","mm, mm, ahq, ahq"
"EC","mm, mm, hq, hq, hq, hq, hq, ahq, sq, hq, hq, sq, asq"
"EC","mm, am(s), sq, hq, hq, sq, hq, hq, hq, sq"
"EC","am, am(s), hq, hq, hq, hq, hq, hq, sq, hq, hq, sq, sq"
"EC","am, am, hq, hq, hq, sq, hq, hq, sq"
"EC","mm, am, as"
"EC","um(s), um(s)"
"EC","mm, mm, as"
"EC","mm, mm, sq, hq, sq, hq, sq, hq, sq, hq, asq, asq"
"EC","am, am, hq, hq, hq, asq, hq, hq, sq, hq, asq, hq, sq, hq, sq"
"EC","am, sq, am(s), as"
"EC","um, um, as"
"EC","mm, um, as"
"EC","um, um, um, as"
"EC","ti(a), modws, ws(s), aws(s)"
"EC","ti(a), nws, nws"
"EC","nws(s), aws(s)"
"EC","lm-ti(a), bt, nws(l), aws, ahq"
"EC","lm-ti(a), aws, nws, aws(s)"
"EC","lm-ti(a), nws(l), nws"
"EC","lm-ti(a), nws(l), aws"
"EC","lm-ti(a), aws(s), uws, aws"
"EC","lm-ti(a), nws(l), aws(s)"
"EC","lm-ti(a), nws(l), nws"
"EC","lm-ti(a), ahq, dws, nws(s)"
"EC","lm-ti(a), nws(l), nws"
"EC","lm-ti(a), nws(l), nws(s)"
"EC","lm-ti(a), nws(l), nws"
"EC","lm-ti(a), nws(l), nws(s)"
"EC","lm-ti(a), nws(l), nws"
"EC","lm, ti(a), aws(s), dws, nws"
"EC","lm-ti(a), nws(l), aws"
"EC","lm-ti(a), nws(l), nws(s)"
"EC","lm-ti(a), aws(s), dws, aws(s)"
"EC","lm-ti(a), gr(l), aws, dws, aws(s)"
"EC","lm, ti(a), aws(s), dws, aws(s)"
"EC","mm, mm, as(l)"
"EC","mm, mm, as(l)"
"EC","am, as(l)"
"EC","am(s), ti(a), ahq"
"EC","am(s), as(l)"
"EC","mm, mm, as(l), am(s)-asq"
"EC","lm-ti(a), nws, dws, nws"
"EC","lm-ti(a), nws(l), nws"
"EC","lm-ti(a), nws(l), nws"
"EC","lm-ti(a), nws, nws, nws(s)"
"EC","lm-ti(a), nws(l), nws"
"EC","lm-ti(a), aws(s), dws, nws(s)"
"EC","lm-ti(a), aws(s), dws, nws(s)"
"EC","lm-ti(a), aws(s), dws, nws(s), sq"
"EC","lm-ti(a), nws(l), nws(s)"
"EC","lm-ti(a), aws, dws, nws(s)"
"EC","lm-ti(a), nws(s), nws, nws(s)"
"EC","lm-ti(a), aws(s), dws, nws(s)"
"EC","lm-ti(a), nws, nws"
"EC","lm-ti(a), nws, nws, nws"
"EC","lm-ti(a), nws(s), dws, nws(s)"
"EC","lm-ti(a), nws(l), nws(s)"
"EC","lm-ti(a), nws(l), aws(s)"
"EC","lm, aws, dws, nws(s)"
"EC","lm, nws(l), nws"
"EC","lm-ti(a), aws(s), dws, aws(s)"
"EC","lm-ti(a), aws(s), dws, nws(s)"
"EC","lm-ti(a), nws(l), aws(s)"
"EC","lm-ti(a), nws(l), nws"
"EC","lm-ti(a), nws(l), nws(s)"
"EC","lm-ti(a), aws(s), dws, aws(s)"
"EC","as(l), asq, ahq, ahq"
"EC","as(l), asq, asq, ahq"
"EC","as(l), sq, asq"
"EC","as(l), asq, asq"
"EC","as(l), asq, hq, asq"
"EC","as(l), asq, hq, asq, asq"
"EC","as(l), asq, hq, asq, ahq, ahq"
"EC","as(l), asq, asq, asq"
"EC","as(l), ahq, hq, hq, ahq"
"EC","as(l), asq, asq, hq, asq, ahq"
"EC","as(l), asq, asq, asq, asq"
"EC","as(l), asq, asq, asq, asq"
"EC","as(l), asq, asq, hq"
"EC","lm-ti(a), nws(l), dws(s)"
"EC","lm-ti(a), nws(l), nws(s)"
"EC","lm-ti(a), nws(l), nws(s)"
"EC","lm-ti(a), nws(l), aws(s)"
"EC","lm-ti(a), nws(l), nws(s), hq"
"EC","lm-ti(a), nws(l), dws(s)"
"EC","lm-ti(a), nws(l), nws(s)"
"EC","lm-ti(a), nws(l), aws(s)"
"EC","lm-ti(a), nws(l), sq, nws(s)"
"EC","lm-ti(a), nws(l), nws(s)"
"EC","lm-ti(a), nws(l), nws(s)"
"EC","lm-ti(a), nws(s), uws, nws"
"EC","lm-pe, nws, dws, nws(s)"
"EC","lm-ti(a), nws(l), nws(s)"
"EC","lm-ti(a), aws, dws, nws(s)"
"EC","lm-ti(a), nws(l), nws"
"EC","am(s), am(s), as"
"EC","aws(s), dws, nws(s), ahq, ahq"
"EC","lm-as, nws(l), nws(s)"
"EC","lm-as, aws(s), dws, nws(s)"
"EC","gr, agr, hq, hq"
"EC","gr-ba, gu, gr-ba, asq, asq, gr-ba"
"EC","gr-ba, gu, gr-ba, asq, hq, dsq"
"EC","gr-ba, gr-ba, asq, asq"
"EC","gr-ba, hs, gr-ba, asq, dsq"
"EC","gr-ba, m, gr-ba, asq, asq"
"EC","gr-ba, gu, ba, lb, as"
"EC","lm-as, ahq, hq, nws(l), nws"
"EC","gr-ba, agr, asq, asq"
"EC","gr-ba, gr-ba, asq, asq, asq"
"EC","lm-as, nws(l), nws"
"EC","lm, nws(l), nws"
"EC","gr, agr, hq, ahq, ahq, asq"
"EC","gr-ba, gr-ba, asq, asq, hq"
"EC","mm, mm, hq, asq, hq, sq, hq, hq, hq"
"EC","mm, mm, sq, hq, sq, hq, hq, hq, sq"
"EC","mm, mm, hq, hq, hq, hq, hq, hq, hq, hq, sq"
"EC","mm, as, ahq"
"EC","mm, mm, as, nws(s)"
"EC","am, am, as"
"EC","am, am, as, hq"
"EC","am, am, as"
"EC","am, am, as, ws"
"EC","am, am, as"
"EC","lm-as, nws, nws, nws"
"EC","lm-as, nws, dws, dws(s)"
"EC","lm-as, asq, nws(l), dws(s)"
"EC","gr-ba, gr-ba, asq, asq, ba, ba"
"EC","gr-ba, ba, asq, asq, ahq, asq"
"EC","gr-ba, ba, ahq, ahq, ahq, asq, asq"
"EC","gr-ba, ba, asq, asq, sq, sq"
"EC","as, ahq, ahq, ahq, ac"
"EC","gr, gu, gr-ba, ahq, ahq"
"EC","gr-ba, gu, gr-ba, ahq, ahq"
"EC","gr-ba, gu, gr-ba, ahq, hq"
"EC","gr-ba, gu, gr-ba, ahq, hq"
"EC","gr-ba, gr-ba, ahq, ahq"
"EC","gr-ba, gu, gr-ba"
"EC","gr-ba, gu, gr-ba, ahq, ahq, ahq"
"EC","gr-ba, gr-ba, asq, sq, asq"
"EC","as, asq, asq"
"EC","as, as, hq"
"EC","as, as, ahq, ahq"
"EC","agr, agr, hq, dhq"
"EC","gr-ba, sq, ahq, ahq"
"EC","gr-ba, hq, asq"
"EC","gr-ba, hq, ahq"
"EC","gr-ba, ahq, asq"
"EC","mm, mm, hq, hq, hq, sq, hq, hq, hq, hq, hq, hq, am(s)"
"EC","mm, mm, as"
"EC","mm, mm(s), as"
"EC","gr, ahq, ahq, ahq"
"EC","gr, asq, asq"
"EC","gr, ahq, ahq, gr(s), asq"
"EC","gr, asq, ahq, asq, gr-ba, ahq"
"EC","gr-ba, ahq, ahq, ahq"
"EC","gr-ba, ahq, asq"
"EC","gr-ba, ahq, ahq"
"EC","gr-ba, ahq, asq"
"EC","gr-ba, ahq, ahq, ahq, ahq, ahq"
"EC","gr-ba, ba, ahq, ahq, asq, ahq"
"EC","am(s), mm-as"
"EC","hq, ahq, ahq"
"EC","am(s), ac(l)-bt"
